cut,cut_name,date,protocol_version,cut_available
1,Cut 1 (Baseline Ingestion),2026-01-15,1,1
2,Cut 2 (Week 2 Interim),2026-02-01,1,2
3,Cut 3 (Week 4 Milestone / Signal),2026-02-28,1,3
4,Cut 4 (Protocol Amendment v2),2026-03-15,2,4
5,Cut 5 (Week 6 Interim & Corrections),2026-03-31,2,5
6,Cut 6 (Site S04 Surveillance),2026-04-15,2,6
7,Cut 7 (Week 8 Lab Audit),2026-04-30,2,7
8,Cut 8 (Protocol Amendment v3 & Biomarkers),2026-05-15,3,8
9,Cut 9 (Week 12 Interim & Site S09),2026-05-31,3,9
10,Cut 10 (Adversarial Document Check),2026-06-15,3,10
11,Cut 11 (Week 20 Surveillance),2026-06-30,3,11
12,Cut 12 (Study Completion & Database Lock),2026-07-31,3,12
