usubjid,site,site_id,age,sex,race,arm,country,informed_consent_date,cut_available,protocol_version
042-S01-001,S01,S01,47,F,Black,GF-402 100mg,USA,2025-12-02,1,1
042-S01-002,S01,S01,54,M,Asian,GF-402 100mg,USA,2025-12-03,1,1
042-S01-003,S01,S01,61,F,Hispanic,Placebo,USA,2025-12-04,1,1
042-S01-004,S01,S01,68,M,Other,GF-402 100mg,USA,2025-12-05,1,1
042-S01-005,S01,S01,75,F,White,GF-402 100mg,USA,2025-12-06,1,1
042-S01-006,S01,S01,46,M,Black,Placebo,USA,2025-12-07,1,1
042-S01-007,S01,S01,53,F,Asian,GF-402 100mg,USA,2025-12-08,1,1
042-S01-008,S01,S01,60,M,Hispanic,GF-402 100mg,USA,2025-12-09,1,1
042-S01-009,S01,S01,67,F,Other,Placebo,USA,2025-12-10,1,1
042-S01-010,S01,S01,74,M,White,GF-402 100mg,USA,2025-12-11,1,1
042-S01-011,S01,S01,45,F,Black,GF-402 100mg,USA,2025-12-12,1,1
042-S01-012,S01,S01,52,M,Asian,Placebo,USA,2025-12-13,1,1
042-S01-013,S01,S01,59,F,Hispanic,GF-402 100mg,USA,2025-12-14,1,1
042-S01-014,S01,S01,66,M,Other,GF-402 100mg,USA,2025-12-15,1,1
042-S01-015,S01,S01,73,F,White,Placebo,USA,2025-12-16,1,1
042-S01-016,S01,S01,44,M,Black,GF-402 100mg,USA,2025-12-17,1,1
042-S01-017,S01,S01,51,F,Asian,GF-402 100mg,USA,2025-12-18,1,1
042-S01-018,S01,S01,58,M,Hispanic,Placebo,USA,2025-12-19,1,1
042-S01-019,S01,S01,65,F,Other,GF-402 100mg,USA,2025-12-20,1,1
042-S01-020,S01,S01,72,M,White,GF-402 100mg,USA,2025-12-01,1,1
042-S01-021,S01,S01,43,F,Black,Placebo,USA,2025-12-02,1,1
042-S02-001,S02,S02,50,M,Asian,GF-402 100mg,USA,2025-12-02,1,1
042-S02-002,S02,S02,57,F,Hispanic,GF-402 100mg,USA,2025-12-03,1,1
042-S02-003,S02,S02,64,M,Other,Placebo,USA,2025-12-04,1,1
042-S02-004,S02,S02,71,F,White,GF-402 100mg,USA,2025-12-05,1,1
042-S02-005,S02,S02,42,M,Black,GF-402 100mg,USA,2025-12-06,1,1
042-S02-006,S02,S02,49,F,Asian,Placebo,USA,2025-12-07,1,1
042-S02-007,S02,S02,56,M,Hispanic,GF-402 100mg,USA,2025-12-08,1,1
042-S02-008,S02,S02,63,F,Other,GF-402 100mg,USA,2025-12-09,1,1
042-S02-009,S02,S02,70,M,White,Placebo,USA,2025-12-10,1,1
042-S02-010,S02,S02,41,F,Black,GF-402 100mg,USA,2025-12-11,1,1
042-S02-011,S02,S02,48,M,Asian,GF-402 100mg,USA,2025-12-12,1,1
042-S02-012,S02,S02,55,F,Hispanic,Placebo,USA,2025-12-13,1,1
042-S02-013,S02,S02,62,M,Other,GF-402 100mg,USA,2025-12-14,1,1
042-S02-014,S02,S02,69,F,White,GF-402 100mg,USA,2025-12-15,1,1
042-S02-015,S02,S02,40,M,Black,Placebo,USA,2025-12-16,1,1
042-S02-016,S02,S02,47,F,Asian,GF-402 100mg,USA,2025-12-17,1,1
042-S02-017,S02,S02,54,M,Hispanic,GF-402 100mg,USA,2025-12-18,1,1
042-S02-018,S02,S02,61,F,Other,Placebo,USA,2025-12-19,1,1
042-S02-019,S02,S02,68,M,White,GF-402 100mg,USA,2025-12-20,1,1
042-S02-020,S02,S02,75,F,Black,GF-402 100mg,USA,2025-12-01,1,1
042-S03-001,S03,S03,53,F,Hispanic,GF-402 100mg,USA,2025-12-02,1,1
042-S03-002,S03,S03,60,M,Other,GF-402 100mg,USA,2025-12-03,1,1
042-S03-003,S03,S03,67,F,White,Placebo,USA,2025-12-04,1,1
042-S03-004,S03,S03,74,M,Black,GF-402 100mg,USA,2025-12-05,1,1
042-S03-005,S03,S03,45,F,Asian,GF-402 100mg,USA,2025-12-06,1,1
042-S03-006,S03,S03,52,M,Hispanic,Placebo,USA,2025-12-07,1,1
042-S03-007,S03,S03,59,F,Other,GF-402 100mg,USA,2025-12-08,1,1
042-S03-008,S03,S03,66,M,White,GF-402 100mg,USA,2025-12-09,1,1
042-S03-009,S03,S03,73,F,Black,Placebo,USA,2025-12-10,1,1
042-S03-010,S03,S03,44,M,Asian,GF-402 100mg,USA,2025-12-11,1,1
042-S03-011,S03,S03,51,F,Hispanic,GF-402 100mg,USA,2025-12-12,1,1
042-S03-012,S03,S03,58,M,Other,Placebo,USA,2025-12-13,1,1
042-S03-013,S03,S03,65,F,White,GF-402 100mg,USA,2025-12-14,1,1
042-S03-014,S03,S03,72,M,Black,GF-402 100mg,USA,2025-12-15,1,1
042-S03-015,S03,S03,43,F,Asian,Placebo,USA,2025-12-16,1,1
042-S03-016,S03,S03,50,M,Hispanic,GF-402 100mg,USA,2025-12-17,1,1
042-S03-017,S03,S03,57,F,Other,GF-402 100mg,USA,2025-12-18,1,1
042-S03-018,S03,S03,64,M,White,Placebo,USA,2025-12-19,1,1
042-S03-019,S03,S03,71,F,Black,GF-402 100mg,USA,2025-12-20,1,1
042-S03-020,S03,S03,42,M,Asian,GF-402 100mg,USA,2025-12-01,1,1
042-S04-001,S04,S04,56,M,Other,GF-402 100mg,USA,2025-12-02,6,2
042-S04-002,S04,S04,63,F,White,GF-402 100mg,USA,2025-12-03,6,2
042-S04-003,S04,S04,70,M,Black,Placebo,USA,2025-12-04,6,2
042-S04-004,S04,S04,41,F,Asian,GF-402 100mg,USA,2025-12-05,6,2
042-S04-005,S04,S04,48,M,Hispanic,GF-402 100mg,USA,2025-12-06,6,2
042-S04-006,S04,S04,55,F,Other,Placebo,USA,2025-12-07,6,2
042-S04-007,S04,S04,62,M,White,GF-402 100mg,USA,2025-12-08,6,2
042-S04-008,S04,S04,69,F,Black,GF-402 100mg,USA,2025-12-09,6,2
042-S04-009,S04,S04,40,M,Asian,Placebo,USA,2025-12-10,6,2
042-S04-010,S04,S04,47,F,Hispanic,GF-402 100mg,USA,2025-12-11,6,2
042-S04-011,S04,S04,54,M,Other,GF-402 100mg,USA,2025-12-12,6,2
042-S04-012,S04,S04,61,F,White,Placebo,USA,2025-12-13,6,2
042-S04-013,S04,S04,68,M,Black,GF-402 100mg,USA,2025-12-14,6,2
042-S04-014,S04,S04,75,F,Asian,GF-402 100mg,USA,2025-12-15,6,2
042-S04-015,S04,S04,46,M,Hispanic,Placebo,USA,2025-12-16,6,2
042-S04-016,S04,S04,53,F,Other,GF-402 100mg,USA,2025-12-17,6,2
042-S04-017,S04,S04,60,M,White,GF-402 100mg,USA,2025-12-18,6,2
042-S04-018,S04,S04,67,F,Black,Placebo,USA,2025-12-19,6,2
042-S04-019,S04,S04,74,M,Asian,GF-402 100mg,USA,2025-12-20,6,2
042-S04-020,S04,S04,45,F,Hispanic,GF-402 100mg,USA,2025-12-01,6,2
042-S05-001,S05,S05,59,F,White,GF-402 100mg,USA,2025-12-02,1,1
042-S05-002,S05,S05,66,M,Black,GF-402 100mg,USA,2025-12-03,1,1
042-S05-003,S05,S05,73,F,Asian,Placebo,USA,2025-12-04,1,1
042-S05-004,S05,S05,44,M,Hispanic,GF-402 100mg,USA,2025-12-05,1,1
042-S05-005,S05,S05,51,F,Other,GF-402 100mg,USA,2025-12-06,1,1
042-S05-006,S05,S05,58,M,White,Placebo,USA,2025-12-07,1,1
042-S05-007,S05,S05,65,F,Black,GF-402 100mg,USA,2025-12-08,1,1
042-S05-008,S05,S05,72,M,Asian,GF-402 100mg,USA,2025-12-09,1,1
042-S05-009,S05,S05,43,F,Hispanic,Placebo,USA,2025-12-10,1,1
042-S05-010,S05,S05,50,M,Other,GF-402 100mg,USA,2025-12-11,1,1
042-S05-011,S05,S05,57,F,White,GF-402 100mg,USA,2025-12-12,1,1
042-S05-012,S05,S05,64,M,Black,Placebo,USA,2025-12-13,1,1
042-S05-013,S05,S05,71,F,Asian,GF-402 100mg,USA,2025-12-14,1,1
042-S05-014,S05,S05,42,M,Hispanic,GF-402 100mg,USA,2025-12-15,1,1
042-S05-015,S05,S05,49,F,Other,Placebo,USA,2025-12-16,1,1
042-S05-016,S05,S05,56,M,White,GF-402 100mg,USA,2025-12-17,1,1
042-S05-017,S05,S05,63,F,Black,GF-402 100mg,USA,2025-12-18,1,1
042-S05-018,S05,S05,70,M,Asian,Placebo,USA,2025-12-19,1,1
042-S05-019,S05,S05,41,F,Hispanic,GF-402 100mg,USA,2025-12-20,1,1
042-S05-020,S05,S05,48,M,Other,GF-402 100mg,USA,2025-12-01,1,1
042-S06-001,S06,S06,62,M,Black,GF-402 100mg,USA,2025-12-02,1,1
042-S06-002,S06,S06,69,F,Asian,GF-402 100mg,USA,2025-12-03,1,1
042-S06-003,S06,S06,40,M,Hispanic,Placebo,USA,2025-12-04,1,1
042-S06-004,S06,S06,47,F,Other,GF-402 100mg,USA,2025-12-05,1,1
042-S06-005,S06,S06,54,M,White,GF-402 100mg,USA,2025-12-06,1,1
042-S06-006,S06,S06,61,F,Black,Placebo,USA,2025-12-07,1,1
042-S06-007,S06,S06,68,M,Asian,GF-402 100mg,USA,2025-12-08,1,1
042-S06-008,S06,S06,75,F,Hispanic,GF-402 100mg,USA,2025-12-09,1,1
042-S06-009,S06,S06,46,M,Other,Placebo,USA,2025-12-10,1,1
042-S06-010,S06,S06,53,F,White,GF-402 100mg,USA,2025-12-11,1,1
042-S06-011,S06,S06,60,M,Black,GF-402 100mg,USA,2025-12-12,1,1
042-S06-012,S06,S06,67,F,Asian,Placebo,USA,2025-12-13,1,1
042-S06-013,S06,S06,74,M,Hispanic,GF-402 100mg,USA,2025-12-14,1,1
042-S06-014,S06,S06,45,F,Other,GF-402 100mg,USA,2025-12-15,1,1
042-S06-015,S06,S06,52,M,White,Placebo,USA,2025-12-16,1,1
042-S06-016,S06,S06,59,F,Black,GF-402 100mg,USA,2025-12-17,1,1
042-S06-017,S06,S06,66,M,Asian,GF-402 100mg,USA,2025-12-18,1,1
042-S06-018,S06,S06,73,F,Hispanic,Placebo,USA,2025-12-19,1,1
042-S06-019,S06,S06,44,M,Other,GF-402 100mg,USA,2025-12-20,1,1
042-S06-020,S06,S06,51,F,White,GF-402 100mg,USA,2025-12-01,1,1
042-S07-001,S07,S07,65,F,Asian,GF-402 100mg,USA,2025-12-02,1,1
042-S07-002,S07,S07,72,M,Hispanic,GF-402 100mg,USA,2025-12-03,1,1
042-S07-003,S07,S07,43,F,Other,Placebo,USA,2025-12-04,1,1
042-S07-004,S07,S07,50,M,White,GF-402 100mg,USA,2025-12-05,1,1
042-S07-005,S07,S07,57,F,Black,GF-402 100mg,USA,2025-12-06,1,1
042-S07-006,S07,S07,64,M,Asian,Placebo,USA,2025-12-07,1,1
042-S07-007,S07,S07,71,F,Hispanic,GF-402 100mg,USA,2025-12-08,1,1
042-S07-008,S07,S07,42,M,Other,GF-402 100mg,USA,2025-12-09,1,1
042-S07-009,S07,S07,49,F,White,Placebo,USA,2025-12-10,1,1
042-S07-010,S07,S07,56,M,Black,GF-402 100mg,USA,2025-12-11,1,1
042-S07-011,S07,S07,63,F,Asian,GF-402 100mg,USA,2025-12-12,1,1
042-S07-012,S07,S07,70,M,Hispanic,Placebo,USA,2025-12-13,1,1
042-S07-013,S07,S07,41,F,Other,GF-402 100mg,USA,2025-12-14,1,1
042-S07-014,S07,S07,48,M,White,GF-402 100mg,USA,2025-12-15,1,1
042-S07-015,S07,S07,55,F,Black,Placebo,USA,2025-12-16,1,1
042-S07-016,S07,S07,62,M,Asian,GF-402 100mg,USA,2025-12-17,1,1
042-S07-017,S07,S07,69,F,Hispanic,GF-402 100mg,USA,2025-12-18,1,1
042-S07-018,S07,S07,40,M,Other,Placebo,USA,2025-12-19,1,1
042-S07-019,S07,S07,47,F,White,GF-402 100mg,USA,2025-12-20,1,1
042-S07-020,S07,S07,54,M,Black,GF-402 100mg,USA,2025-12-01,1,1
042-S08-001,S08,S08,68,M,Hispanic,GF-402 100mg,USA,2025-12-02,1,1
042-S08-002,S08,S08,75,F,Other,GF-402 100mg,USA,2025-12-03,1,1
042-S08-003,S08,S08,46,M,White,Placebo,USA,2025-12-04,1,1
042-S08-004,S08,S08,53,F,Black,GF-402 100mg,USA,2025-12-05,1,1
042-S08-005,S08,S08,60,M,Asian,GF-402 100mg,USA,2025-12-06,1,1
042-S08-006,S08,S08,67,F,Hispanic,Placebo,USA,2025-12-07,1,1
042-S08-007,S08,S08,74,M,Other,GF-402 100mg,USA,2025-12-08,1,1
042-S08-008,S08,S08,45,F,White,GF-402 100mg,USA,2025-12-09,1,1
042-S08-009,S08,S08,52,M,Black,Placebo,USA,2025-12-10,1,1
042-S08-010,S08,S08,59,F,Asian,GF-402 100mg,USA,2025-12-11,1,1
042-S08-011,S08,S08,66,M,Hispanic,GF-402 100mg,USA,2025-12-12,1,1
042-S08-012,S08,S08,73,F,Other,Placebo,USA,2025-12-13,1,1
042-S08-013,S08,S08,44,M,White,GF-402 100mg,USA,2025-12-14,1,1
042-S08-014,S08,S08,51,F,Black,GF-402 100mg,USA,2025-12-15,1,1
042-S08-015,S08,S08,58,M,Asian,Placebo,USA,2025-12-16,1,1
042-S08-016,S08,S08,65,F,Hispanic,GF-402 100mg,USA,2025-12-17,1,1
042-S08-017,S08,S08,72,M,Other,GF-402 100mg,USA,2025-12-18,1,1
042-S08-018,S08,S08,43,F,White,Placebo,USA,2025-12-19,1,1
042-S08-019,S08,S08,50,M,Black,GF-402 100mg,USA,2025-12-20,1,1
042-S08-020,S08,S08,57,F,Asian,GF-402 100mg,USA,2025-12-01,1,1
042-S09-001,S09,S09,71,F,Other,GF-402 100mg,USA,2025-12-02,9,3
042-S09-002,S09,S09,42,M,White,GF-402 100mg,USA,2025-12-03,9,3
042-S09-003,S09,S09,49,F,Black,Placebo,USA,2025-12-04,9,3
042-S09-004,S09,S09,56,M,Asian,GF-402 100mg,USA,2025-12-05,9,3
042-S09-005,S09,S09,63,F,Hispanic,GF-402 100mg,USA,2025-12-06,9,3
042-S09-006,S09,S09,70,M,Other,Placebo,USA,2025-12-07,9,3
042-S09-007,S09,S09,41,F,White,GF-402 100mg,USA,2025-12-08,9,3
042-S09-008,S09,S09,48,M,Black,GF-402 100mg,USA,2025-12-09,9,3
042-S09-009,S09,S09,55,F,Asian,Placebo,USA,2025-12-10,9,3
042-S09-010,S09,S09,62,M,Hispanic,GF-402 100mg,USA,2025-12-11,9,3
042-S09-011,S09,S09,69,F,Other,GF-402 100mg,USA,2025-12-12,9,3
042-S09-012,S09,S09,40,M,White,Placebo,USA,2025-12-13,9,3
042-S09-013,S09,S09,47,F,Black,GF-402 100mg,USA,2025-12-14,9,3
042-S09-014,S09,S09,54,M,Asian,GF-402 100mg,USA,2025-12-15,9,3
042-S09-015,S09,S09,61,F,Hispanic,Placebo,USA,2025-12-16,9,3
042-S09-016,S09,S09,68,M,Other,GF-402 100mg,USA,2025-12-17,9,3
042-S09-017,S09,S09,75,F,White,GF-402 100mg,USA,2025-12-18,9,3
042-S09-018,S09,S09,46,M,Black,Placebo,USA,2025-12-19,9,3
042-S09-019,S09,S09,53,F,Asian,GF-402 100mg,USA,2025-12-20,9,3
042-S09-020,S09,S09,60,M,Hispanic,GF-402 100mg,USA,2025-12-01,9,3
042-S10-001,S10,S10,74,M,White,GF-402 100mg,USA,2025-12-02,1,1
042-S10-002,S10,S10,45,F,Black,GF-402 100mg,USA,2025-12-03,1,1
042-S10-003,S10,S10,52,M,Asian,Placebo,USA,2025-12-04,1,1
042-S10-004,S10,S10,59,F,Hispanic,GF-402 100mg,USA,2025-12-05,1,1
042-S10-005,S10,S10,66,M,Other,GF-402 100mg,USA,2025-12-06,1,1
042-S10-006,S10,S10,73,F,White,Placebo,USA,2025-12-07,1,1
042-S10-007,S10,S10,44,M,Black,GF-402 100mg,USA,2025-12-08,1,1
042-S10-008,S10,S10,51,F,Asian,GF-402 100mg,USA,2025-12-09,1,1
042-S10-009,S10,S10,58,M,Hispanic,Placebo,USA,2025-12-10,1,1
042-S10-010,S10,S10,65,F,Other,GF-402 100mg,USA,2025-12-11,1,1
042-S10-011,S10,S10,72,M,White,GF-402 100mg,USA,2025-12-12,1,1
042-S10-012,S10,S10,43,F,Black,Placebo,USA,2025-12-13,1,1
042-S10-013,S10,S10,50,M,Asian,GF-402 100mg,USA,2025-12-14,1,1
042-S10-014,S10,S10,57,F,Hispanic,GF-402 100mg,USA,2025-12-15,1,1
042-S10-015,S10,S10,64,M,Other,Placebo,USA,2025-12-16,1,1
042-S10-016,S10,S10,71,F,White,GF-402 100mg,USA,2025-12-17,1,1
042-S10-017,S10,S10,42,M,Black,GF-402 100mg,USA,2025-12-18,1,1
042-S10-018,S10,S10,49,F,Asian,Placebo,USA,2025-12-19,1,1
042-S10-019,S10,S10,56,M,Hispanic,GF-402 100mg,USA,2025-12-20,1,1
042-S10-020,S10,S10,63,F,Other,GF-402 100mg,USA,2025-12-01,1,1
042-S11-001,S11,S11,41,F,Black,GF-402 100mg,USA,2025-12-02,1,1
042-S11-002,S11,S11,48,M,Asian,GF-402 100mg,USA,2025-12-03,1,1
042-S11-003,S11,S11,55,F,Hispanic,Placebo,USA,2025-12-04,1,1
042-S11-004,S11,S11,62,M,Other,GF-402 100mg,USA,2025-12-05,1,1
042-S11-005,S11,S11,69,F,White,GF-402 100mg,USA,2025-12-06,1,1
042-S11-006,S11,S11,40,M,Black,Placebo,USA,2025-12-07,1,1
042-S11-007,S11,S11,47,F,Asian,GF-402 100mg,USA,2025-12-08,1,1
042-S11-008,S11,S11,54,M,Hispanic,GF-402 100mg,USA,2025-12-09,1,1
042-S11-009,S11,S11,61,F,Other,Placebo,USA,2025-12-10,1,1
042-S11-010,S11,S11,68,M,White,GF-402 100mg,USA,2025-12-11,1,1
042-S11-011,S11,S11,75,F,Black,GF-402 100mg,USA,2025-12-12,1,1
042-S11-012,S11,S11,46,M,Asian,Placebo,USA,2025-12-13,1,1
042-S11-013,S11,S11,53,F,Hispanic,GF-402 100mg,USA,2025-12-14,1,1
042-S11-014,S11,S11,60,M,Other,GF-402 100mg,USA,2025-12-15,1,1
042-S11-015,S11,S11,67,F,White,Placebo,USA,2025-12-16,1,1
042-S11-016,S11,S11,74,M,Black,GF-402 100mg,USA,2025-12-17,1,1
042-S11-017,S11,S11,45,F,Asian,GF-402 100mg,USA,2025-12-18,1,1
042-S11-018,S11,S11,52,M,Hispanic,Placebo,USA,2025-12-19,1,1
042-S11-019,S11,S11,59,F,Other,GF-402 100mg,USA,2025-12-20,1,1
042-S11-020,S11,S11,66,M,White,GF-402 100mg,USA,2025-12-01,1,1
042-S12-001,S12,S12,44,M,Asian,GF-402 100mg,USA,2025-12-02,1,1
042-S12-002,S12,S12,51,F,Hispanic,GF-402 100mg,USA,2025-12-03,1,1
042-S12-003,S12,S12,58,M,Other,Placebo,USA,2025-12-04,1,1
042-S12-004,S12,S12,65,F,White,GF-402 100mg,USA,2025-12-05,1,1
042-S12-005,S12,S12,72,M,Black,GF-402 100mg,USA,2025-12-06,1,1
042-S12-006,S12,S12,43,F,Asian,Placebo,USA,2025-12-07,1,1
042-S12-007,S12,S12,50,M,Hispanic,GF-402 100mg,USA,2025-12-08,1,1
042-S12-008,S12,S12,57,F,Other,GF-402 100mg,USA,2025-12-09,1,1
042-S12-009,S12,S12,64,M,White,Placebo,USA,2025-12-10,1,1
042-S12-010,S12,S12,71,F,Black,GF-402 100mg,USA,2025-12-11,1,1
042-S12-011,S12,S12,42,M,Asian,GF-402 100mg,USA,2025-12-12,1,1
042-S12-012,S12,S12,49,F,Hispanic,Placebo,USA,2025-12-13,1,1
042-S12-013,S12,S12,56,M,Other,GF-402 100mg,USA,2025-12-14,1,1
042-S12-014,S12,S12,63,F,White,GF-402 100mg,USA,2025-12-15,1,1
042-S12-015,S12,S12,70,M,Black,Placebo,USA,2025-12-16,1,1
042-S12-016,S12,S12,41,F,Asian,GF-402 100mg,USA,2025-12-17,1,1
042-S12-017,S12,S12,48,M,Hispanic,GF-402 100mg,USA,2025-12-18,1,1
042-S12-018,S12,S12,55,F,Other,Placebo,USA,2025-12-19,1,1
042-S12-019,S12,S12,62,M,White,GF-402 100mg,USA,2025-12-20,1,1
042-S12-020,S12,S12,69,F,Black,GF-402 100mg,USA,2025-12-01,1,1
